"","driveAlone","drivePass","pass","busWalk","parkAndRideBus","bike","walk","DailyTotal"
"hbcoll",342.3267056519,3581.9941674691,1454.53002193176,256.683593640794,0,3.2868953623272,4.17861594411634,5643
"hbo",64013.6886492656,41272.2081549063,59089.4743995407,73.6918864069043,1.37480282013332,5418.04743655571,16867.7093181873,186736.194647683
"hbr",13454.047460611,10186.9296934135,15705.1709051042,374.057900826245,1.19450456632434,689.892116203509,9313.31206469878,49724.6046454235
"hbs",25772.3875180276,7632.14169468291,12249.9807981771,902.445009961868,48.0933267060904,2408.16290880159,16496.2690613944,65509.4803177516
"hbw",47138.3437235061,4661.72251829809,5364.50599976423,478.899720496813,172.664046571534,5067.22989527077,3500.33979609252,66383.7057
"nhbnw",56274.6491976674,40920.8179602328,51904.8913930007,81.7585814297325,0,4417.96512250454,11989.8864079945,165589.96866283
"nhbw",13339.522611471,2715.84115573426,2595.19255644826,557.908381528659,0,189.127086379713,484.178908438078,19881.7707
"DailyMode",220334.965866201,110971.655344737,148363.746073967,2725.44507429101,223.326680664083,18193.7114610782,58655.8741727497,559468.724673687
