"","driveAlone","drivePass","pass","busWalk","parkAndRideBus","bike","walk","DailyTotal"
"hbcoll",510.482698305836,3482.6592147247,1426.92436113019,216.050206629415,0,2.8493675784896,4.03415163136892,5643
"hbo",64041.5450238687,41321.7625130052,59171.4924239775,73.1413954138006,0.990445060059444,5377.70085183535,16749.561994522,186736.194647683
"hbr",13470.0209702905,10207.5507298743,15737.4824261017,367.681973176745,0.975655488568509,685.349622411413,9255.54326808029,49724.6046454235
"hbs",25810.1517114114,7647.18400767625,12271.2212195741,896.641768025802,49.4949821067811,2396.99701675371,16437.7896122035,65509.4803177516
"hbw",47268.2333874423,4682.66276677609,5387.95686537228,470.318344676676,174.430259842931,4992.21640157546,3407.88767431422,66383.7057
"nhbnw",56356.0822595344,41087.3462327102,51969.6439918331,79.179750561065,0,4312.13762924879,11785.578798942,165589.96866283
"nhbw",13360.0880143695,2727.62896813683,2600.62880735008,540.388631739107,0,184.094705894154,468.941572510304,19881.7707
"DailyMode",220816.604065223,111156.794432904,148565.350095339,2643.40207022261,225.891342498341,17951.3455952974,58109.3370722037,559468.724673687
