purpose,pkad,opad,daily
hbwpa,0.2472,0.2544,0.5
hbwap,0.244,0.2544,0.5
hbspa,0.167,0.3485,0.5
hbsap,0.136,0.3485,0.5
hbrpa,0.167,0.3485,0.5
hbrap,0.136,0.3485,0.5
hbopa,0.167,0.3485,0.5
hboap,0.136,0.3485,0.5
nhbwpa,0.2663,0.31105,0.5
nhbwap,0.1116,0.31105,0.5
nhbnwpa,0.10045,0.39955,0.5
nhbnwap,0.10045,0.39955,0.5
hbcollpa,0.3574,0.29415,0.5
hbcollap,0.0543,0.29415,0.5
hbschpa,0.3634,0.2722,0.5
hbschap,0.0922,0.2722,0.5
