purpose,daily,pm1
hbwpa,0.5,0.016698951
hbwap,0.5,0.15402734
hbspa,0.5,0.057233875
hbsap,0.5,0.059933296
hbrpa,0.5,0.039248903
hbrap,0.5,0.072759164
hbopa,0.5,0.045257217
hboap,0.5,0.069100042
nhbwpa,0.5,0.028810621
nhbwap,0.5,0.013505167
nhbnwpa,0.5,0.053507445
nhbnwap,0.5,0.046678726
hbcollpa,0.5,0.056447388
hbcollap,0.5,0
hbschpa,0.5,0.003933589
hbschap,0.5,0.010858277
